Round,変数,T01,T02,T03,T04,T05,T06,T07,T08,T09,T10
R01,一般管理費,20000,20000,20000,20000,20000,20000,20000,20000,20000,20000
R02,一般管理費,20000,20000,20000,20000,20000,20000,20000,20000,20000,20000
R03,一般管理費,20000,20000,20000,20000,20000,20000,20000,20000,20000,20000
R04,一般管理費,20000,20000,20000,20000,20000,20000,20000,20000,20000,20000
R05,一般管理費,20000,20000,20000,20000,20000,20000,20000,20000,20000,20000
R06,一般管理費,20000,20000,20000,20000,20000,20000,20000,20000,20000,20000
R07,一般管理費,20000,20000,20000,20000,20000,20000,20000,20000,20000,20000
R08,一般管理費,20000,20000,20000,20000,20000,20000,20000,20000,20000,20000
R09,一般管理費,20000,20000,20000,20000,20000,20000,20000,20000,20000,20000
R10,一般管理費,20000,20000,20000,20000,20000,20000,20000,20000,20000,20000
R11,一般管理費,20000,20000,20000,20000,20000,20000,20000,20000,20000,20000
R01,営業利益,0,20500,15000,10000,12500,15000,15000,20000,20000,18800
R02,営業利益,15000,27500,30000,12000,12500,15000,-15000,25000,10000,21000
R03,営業利益,-30000,-13020,-12720,-40900,-49500,-35800,-55800,-30675,-28400,-19000
R04,営業利益,-145000,-31665,-22640,-34800,-16750,-19600,-20000,-9800,-27100,-19600
R05,営業利益,-15000,-27600,-22850,-15352,-5600,-11810,-28845,-18175,-5600,-20306
R06,営業利益,-20000,-2600,-4000,-5560,0,2000,-8000,-1300,-3800,-2750
R07,営業利益,-20000,250,4000,-890,4150,4000,3000,4255,7500,1700
R08,営業利益,5000,4000,7500,3660,4850,2500,4000,7161,8600,2165
R09,営業利益,-5000,7750,10000,9430,8000,4200,8750,8125,8600,5600
R10,営業利益,5000,7000,10000,10600,10750,8750,8800,8300,12500,7200
R11,営業利益,550,-19720,-11640,-6307,8200,-1615,-24360,360,500,-8266
R01,経常利益,0,20500,15000,10000,12500,15000,15000,20000,20000,18800
R02,経常利益,15000,27500,30000,12000,12500,15000,-15000,25000,10000,21000
R03,経常利益,-30000,-13020,-12720,-40900,-49500,-35800,-55800,-30675,-28400,-19000
R04,経常利益,-145000,-31665,-22640,-34800,-16750,-19600,-20000,-9800,-27100,-19600
R05,経常利益,-18750,-27600,-22850,-15352,-5600,-11810,-28845,-18175,-5600,-20306
R06,経常利益,-23750,-2600,-4000,-5560,0,2000,-8000,-1300,-3800,-2750
R07,経常利益,-24625,250,4000,-890,4150,4000,3000,4255,7500,1700
R08,経常利益,-1106.25,4000,7500,3660,4850,2500,4000,7161,8600,2165
R09,経常利益,-11106.25,7750,10000,9430,8000,4200,8750,8125,8600,5600
R10,経常利益,-1106.25,7000,10000,10600,10750,8750,8800,8300,12500,7200
R11,経常利益,-5556.25,-19720,-11640,-6307,8200,-1615,-24360,360,500,-8266
R01,現金収支,0,20500,15000,10000,12500,15000,24000,20000,20000,18800
R02,現金収支,-65000,-59500,-15000,-78000,6000,15000,-145000,-60000,-10000,-23500
R03,現金収支,-105000,-16020,-12720,-40900,-55300,-80800,-37800,-50675,-53400,-13500
R04,現金収支,-30000,-31665,-22640,-29800,-26850,-39600,25000,8200,-22100,-17600
R05,現金収支,6250,-19600,-22850,-15552,-5600,13190,19155,-65675,-8600,-13806
R06,現金収支,-6250,14400,7000,17440,10500,2000,2000,10700,-9800,250
R07,現金収支,0,20250,25000,11110,30550,-1000,-17000,-35745,-2500,-16300
R08,現金収支,20893.75,4000,10500,15160,-7650,6500,1000,57161,600,3665
R09,現金収支,-1106.25,2750,-2000,-20070,-2000,2200,21750,40625,8600,8600
R10,現金収支,13893.75,-18000,-30000,12600,8750,20750,-56200,-52700,12500,6700
R11,現金収支,34443.75,-44720,360,-6807,8200,6385,-24360,18860,-500,-8766
R01,現金貯金,200000,220500,215000,210000,212500,215000,224000,220000,220000,218800
R02,現金貯金,135000,161000,200000,132000,218500,230000,79000,160000,210000,195300
R03,現金貯金,30000,144980,187280,91100,163200,149200,41200,109325,156600,181800
R04,現金貯金,0,113315,164640,61300,136350,109600,66200,117525,134500,164200
R05,現金貯金,6250,93715,141790,45748,130750,122790,85355,51850,125900,150394
R06,現金貯金,0,108115,148790,63188,141250,124790,87355,62550,116100,150644
R07,現金貯金,0,128365,173790,74298,171800,123790,70355,26805,113600,134344
R08,現金貯金,20893.75,132365,184290,89458,164150,130290,71355,83966,114200,138009
R09,現金貯金,19787.5,135115,182290,69388,162150,132490,93105,124591,122800,146609
R10,現金貯金,33681.25,117115,152290,81988,170900,153240,36905,71891,135300,153309
R11,現金貯金,68125,72395,152650,75181,179100,159625,12545,90751,134800,144543
R01,固定資産,250000,250000,250000,250000,250000,250000,250000,250000,250000,250000
R02,固定資産,250000,250000,250000,250000,250000,250000,250000,250000,250000,250000
R03,固定資産,250000,250000,250000,250000,250000,250000,250000,250000,250000,250000
R04,固定資産,250000,250000,250000,250000,250000,250000,250000,250000,250000,250000
R05,固定資産,250000,250000,250000,250000,250000,250000,250000,250000,250000,250000
R06,固定資産,250000,250000,250000,250000,250000,250000,250000,250000,250000,250000
R07,固定資産,250000,250000,250000,250000,250000,250000,250000,250000,250000,250000
R08,固定資産,250000,250000,250000,250000,250000,250000,250000,250000,250000,250000
R09,固定資産,250000,250000,250000,250000,250000,250000,250000,250000,250000,250000
R10,固定資産,250000,250000,250000,250000,250000,250000,250000,250000,250000,250000
R11,固定資産,250000,250000,250000,250000,250000,250000,250000,250000,250000,250000
R01,材料在庫金額,0,0,0,0,0,0,36000,0,0,0
R02,材料在庫金額,80000,52000,20000,40000,0,0,96000,60000,20000,22000
R03,材料在庫金額,80000,40000,20000,40000,4800,20000,68000,80000,20000,14000
R04,材料在庫金額,140000,40000,20000,60000,22400,40000,8000,52000,40000,12000
R05,材料在庫金額,140000,72000,20000,59200,22400,40000,0,122000,28000,18000
R06,材料在庫金額,140000,40000,24000,47200,4400,40000,0,120000,44000,0
R07,材料在庫金額,120000,20000,8000,35200,0,20000,20000,150000,44000,18000
R08,材料在庫金額,108000,20000,0,21200,8000,36000,8000,100000,52000,14000
R09,材料在庫金額,88000,0,12000,33200,8000,28000,0,80000,52000,6000
R10,材料在庫金額,48000,0,12000,41200,0,16000,0,136000,52000,4000
R11,材料在庫金額,8000,0,0,39200,0,8000,0,110000,48000,2000
R01,材料在庫数,0,0,0,0,0,0,90,0,0,0
R02,材料在庫数,200,130,50,100,0,0,240,150,50,55
R03,材料在庫数,200,100,50,100,12,50,170,200,50,35
R04,材料在庫数,350,100,50,150,56,100,20,130,100,30
R05,材料在庫数,350,180,50,148,56,100,0,305,70,45
R06,材料在庫数,350,100,60,118,11,100,0,300,110,0
R07,材料在庫数,300,50,20,88,0,50,50,375,110,45
R08,材料在庫数,270,50,0,53,20,90,20,250,130,35
R09,材料在庫数,220,0,30,83,20,70,0,200,130,15
R10,材料在庫数,120,0,30,103,0,40,0,340,130,10
R11,材料在庫数,20,0,0,98,0,20,0,275,120,5
R01,材料調達,300,300,200,300,113,100,300,300,150,200
R02,材料調達,250,170,150,200,127,200,100,200,150,130
R03,材料調達,200,200,150,200,144,200,50,100,150,145
R04,材料調達,0,200,150,150,100,100,100,300,100,140
R05,材料調達,0,70,130,100,70,100,100,100,150,110
R06,材料調達,0,100,70,100,60,100,150,200,130,200
R07,材料調達,0,150,100,100,100,150,100,0,150,150
R08,材料調達,0,150,150,200,100,110,100,50,130,150
R09,材料調達,0,250,200,170,100,100,250,250,130,170
R10,材料調達,0,300,170,150,120,110,250,60,130,175
R11,材料調達,100,300,200,155,130,110,350,75,140,200
R01,材料納入数,100,100,100,100,100,100,100,100,100,100
R02,材料納入数,300,300,200,300,113,100,300,300,150,200
R03,材料納入数,250,170,150,200,127,200,100,200,150,130
R04,材料納入数,200,200,150,200,144,200,50,100,150,145
R05,材料納入数,0,200,150,150,100,100,100,300,100,140
R06,材料納入数,0,70,130,100,70,100,100,100,150,110
R07,材料納入数,0,100,70,100,60,100,150,200,130,200
R08,材料納入数,0,150,100,100,100,150,100,0,150,150
R09,材料納入数,0,150,150,200,100,110,100,50,130,150
R10,材料納入数,0,250,200,170,100,100,250,250,130,170
R11,材料納入数,0,300,170,150,120,110,250,60,130,175
R01,材料発注数,300,300,200,300,113,100,300,300,150,200
R02,材料発注数,250,170,150,200,127,200,100,200,150,130
R03,材料発注数,200,200,150,200,144,200,50,100,150,145
R04,材料発注数,0,200,150,150,100,100,100,300,100,140
R05,材料発注数,0,70,130,100,70,100,100,100,150,110
R06,材料発注数,0,100,70,100,60,100,150,200,130,200
R07,材料発注数,0,150,100,100,100,150,100,0,150,150
R08,材料発注数,0,150,150,200,100,110,100,50,130,150
R09,材料発注数,0,250,200,170,100,100,250,250,130,170
R10,材料発注数,0,300,170,150,120,110,250,60,130,175
R11,材料発注数,100,300,200,155,130,110,350,75,140,200
R01,支払利息,0,0,0,0,0,0,0,0,0,0
R02,支払利息,0,0,0,0,0,0,0,0,0,0
R03,支払利息,0,0,0,0,0,0,0,0,0,0
R04,支払利息,0,0,0,0,0,0,0,0,0,0
R05,支払利息,3750,0,0,0,0,0,0,0,0,0
R06,支払利息,3750,0,0,0,0,0,0,0,0,0
R07,支払利息,4625,0,0,0,0,0,0,0,0,0
R08,支払利息,6106.25,0,0,0,0,0,0,0,0,0
R09,支払利息,6106.25,0,0,0,0,0,0,0,0,0
R10,支払利息,6106.25,0,0,0,0,0,0,0,0,0
R11,支払利息,6106.25,0,0,0,0,0,0,0,0,0
R01,資産合計,500000,520500,515000,510000,512500,515000,515000,520000,520000,518800
R02,資産合計,515000,548000,545000,522000,525000,530000,500000,545000,530000,539800
R03,資産合計,485000,534980,532280,481100,475500,494200,444200,514325,501600,520800
R04,資産合計,415000,503315,509640,446300,458750,474600,424200,504525,474500,501200
R05,資産合計,396250,475715,486790,430948,453150,462790,395355,486350,468900,480894
R06,資産合計,390000,473115,482790,425388,453150,464790,387355,485050,465100,478144
R07,資産合計,395000,473365,486790,424498,457300,468790,390355,489305,472600,479844
R08,資産合計,393893.75,477365,494290,428158,462150,471290,394355,496466,481200,482009
R09,資産合計,382787.5,485115,504290,437588,470150,475490,403105,504591,489800,487609
R10,資産合計,381681.25,492115,514290,448188,480900,484240,411905,512891,502300,494809
R11,資産合計,376125,472395,502650,441881,489100,482625,387545,513251,502800,486543
R01,資本金,500000,500000,500000,500000,500000,500000,500000,500000,500000,500000
R02,資本金,500000,500000,500000,500000,500000,500000,500000,500000,500000,500000
R03,資本金,500000,500000,500000,500000,500000,500000,500000,500000,500000,500000
R04,資本金,500000,500000,500000,500000,500000,500000,500000,500000,500000,500000
R05,資本金,500000,500000,500000,500000,500000,500000,500000,500000,500000,500000
R06,資本金,500000,500000,500000,500000,500000,500000,500000,500000,500000,500000
R07,資本金,500000,500000,500000,500000,500000,500000,500000,500000,500000,500000
R08,資本金,500000,500000,500000,500000,500000,500000,500000,500000,500000,500000
R09,資本金,500000,500000,500000,500000,500000,500000,500000,500000,500000,500000
R10,資本金,500000,500000,500000,500000,500000,500000,500000,500000,500000,500000
R11,資本金,500000,500000,500000,500000,500000,500000,500000,500000,500000,500000
R01,資本負債合計,500000,520500,515000,510000,512500,515000,515000,520000,520000,518800
R02,資本負債合計,515000,548000,545000,522000,525000,530000,500000,545000,530000,539800
R03,資本負債合計,485000,534980,532280,481100,475500,494200,444200,514325,501600,520800
R04,資本負債合計,415000,503315,509640,446300,458750,474600,424200,504525,474500,501200
R05,資本負債合計,396250,475715,486790,430948,453150,462790,395355,486350,468900,480894
R06,資本負債合計,390000,473115,482790,425388,453150,464790,387355,485050,465100,478144
R07,資本負債合計,395000,473365,486790,424498,457300,468790,390355,489305,472600,479844
R08,資本負債合計,393893.75,477365,494290,428158,462150,471290,394355,496466,481200,482009
R09,資本負債合計,382787.5,485115,504290,437588,470150,475490,403105,504591,489800,487609
R10,資本負債合計,381681.25,492115,514290,448188,480900,484240,411905,512891,502300,494809
R11,資本負債合計,376125,472395,502650,441881,489100,482625,387545,513251,502800,486543
R01,借入金,0,0,0,0,0,0,0,0,0,0
R02,借入金,0,0,0,0,0,0,0,0,0,0
R03,借入金,0,0,0,0,0,0,0,0,0,0
R04,借入金,75000,0,0,0,0,0,0,0,0,0
R05,借入金,0,0,0,0,0,0,0,0,0,0
R06,借入金,17500,0,0,0,0,0,0,0,0,0
R07,借入金,29625,0,0,0,0,0,0,0,0,0
R08,借入金,0,0,0,0,0,0,0,0,0,0
R09,借入金,0,0,0,0,0,0,0,0,0,0
R10,借入金,0,0,0,0,0,0,0,0,0,0
R11,借入金,0,0,0,0,0,0,0,0,0,0
R01,商品需要,1273,1273,1273,1273,1273,1273,1273,1273,1273,1273
R02,商品需要,1297,1297,1297,1297,1297,1297,1297,1297,1297,1297
R03,商品需要,1305,1305,1305,1305,1305,1305,1305,1305,1305,1305
R04,商品需要,1320,1320,1320,1320,1320,1320,1320,1320,1320,1320
R05,商品需要,1339,1339,1339,1339,1339,1339,1339,1339,1339,1339
R06,商品需要,1349,1349,1349,1349,1349,1349,1349,1349,1349,1349
R07,商品需要,1372,1372,1372,1372,1372,1372,1372,1372,1372,1372
R08,商品需要,1384,1384,1384,1384,1384,1384,1384,1384,1384,1384
R09,商品需要,1396,1396,1396,1396,1396,1396,1396,1396,1396,1396
R10,商品需要,1414,1414,1414,1414,1414,1414,1414,1414,1414,1414
R11,商品需要,1414,1414,1414,1414,1414,1414,1414,1414,1414,1414
R01,剰余金,0,20500,15000,10000,12500,15000,15000,20000,20000,18800
R01,累積販売価格,700,905,1000,800,825,850,850,900,900,888
R01,累積販売数,100,100,85,100,100,100,100,100,100,100
R02,累積販売価格,1550,1880,2000,1800,1650,1700,1850,1850,1700,1798
R02,剰余金,15000,48000,45000,22000,25000,30000,0,45000,30000,39800
R03,累積販売価格,1950,2510,2680,2500,2650,2650,2650,2625,2500,2498
R02,累積販売数,200,200,185,182,200,200,110,200,200,200
R04,累積販売価格,2550,3095,3350,3100,3400,3300,3150,3225,3200,3148
R03,剰余金,-15000,34980,32280,-18900,-24500,-5800,-55800,14325,1600,20800
R05,累積販売価格,3150,3645,4000,3708,4100,3890,3665,3800,3900,3781
R03,累積販売数,300,346,306,295,227,236,159,283,252,305
R01,生産可能数,100,100,100,100,100,100,100,100,100,100
R02,生産可能数,300,300,200,300,113,100,390,300,150,200
R03,生産可能数,450,300,200,300,127,200,340,350,200,185
R04,生産可能数,400,300,200,300,156,250,220,300,200,180
R05,生産可能数,350,300,200,300,156,200,120,430,200,170
R06,生産可能数,350,250,180,248,126,200,100,405,220,155
R07,生産可能数,350,200,130,218,71,200,150,500,240,200
R08,生産可能数,300,200,120,188,100,200,150,375,260,195
R09,生産可能数,270,200,150,253,120,200,120,300,260,185
R10,生産可能数,220,250,230,253,120,170,250,450,260,185
R11,生産可能数,120,300,200,253,120,150,250,400,260,185
R01,生産仕掛在庫金額,50000,50000,50000,50000,50000,50000,5000,50000,50000,50000
R02,生産仕掛在庫金額,50000,85000,75000,100000,56500,50000,75000,75000,50000,72500
R03,生産仕掛在庫金額,125000,100000,75000,100000,57500,75000,85000,75000,75000,75000
R04,生産仕掛在庫金額,25000,100000,75000,75000,50000,75000,100000,85000,50000,75000
R05,生産仕掛在庫金額,0,60000,75000,76000,50000,50000,60000,62500,65000,62500
R06,生産仕掛在庫金額,0,75000,60000,65000,57500,50000,50000,52500,55000,77500
R07,生産仕掛在庫金額,25000,75000,55000,65000,35500,75000,50000,62500,65000,77500
R08,生産仕掛在庫金額,15000,75000,60000,67500,40000,55000,65000,62500,65000,80000
R09,生産仕掛在庫金額,25000,100000,60000,85000,50000,65000,60000,50000,65000,85000
R10,生産仕掛在庫金額,50000,125000,100000,75000,60000,65000,125000,55000,65000,87500
R11,生産仕掛在庫金額,50000,150000,100000,77500,60000,65000,125000,62500,70000,90000
R01,生産指示数,100,100,100,100,100,250,10,100,100,100
R02,生産指示数,100,170,150,200,113,150,150,150,100,145
R03,生産指示数,250,200,150,200,115,150,170,150,150,150
R04,生産指示数,50,200,150,150,100,150,200,170,100,150
R05,生産指示数,0,120,150,152,100,100,120,125,130,125
R06,生産指示数,0,150,120,130,115,100,100,105,110,155
R07,生産指示数,50,150,110,130,120,150,100,125,130,155
R08,生産指示数,30,150,120,135,80,110,130,125,130,160
R09,生産指示数,50,200,120,170,100,130,120,100,130,170
R10,生産指示数,100,250,200,150,120,130,250,110,130,175
R11,生産指示数,100,300,200,155,120,130,250,125,140,180
R01,生産数,100,100,100,100,100,100,100,100,100,100
R02,生産数,100,100,100,100,100,100,10,100,100,100
R03,生産数,100,170,150,200,113,100,150,150,100,145
R04,生産数,250,200,150,200,115,150,170,150,150,150
R05,生産数,50,200,150,150,100,150,200,170,100,150
R06,生産数,0,120,150,152,100,100,120,125,130,125
R07,生産数,0,150,120,130,115,100,100,105,110,155
R08,生産数,50,150,110,130,71,150,100,125,130,155
R09,生産数,30,150,120,135,80,110,130,125,130,160
R10,生産数,50,200,120,170,100,130,120,100,130,170
R11,生産数,100,250,200,150,120,130,250,110,130,175
R01,生産待ち数,100,100,100,100,100,100,10,100,100,100
R02,生産待ち数,100,170,150,200,113,100,150,150,100,145
R03,生産待ち数,250,200,150,200,115,150,170,150,150,150
R04,生産待ち数,50,200,150,150,100,150,200,170,100,150
R05,生産待ち数,0,120,150,152,100,100,120,125,130,125
R06,生産待ち数,0,150,120,130,115,100,100,105,110,155
R07,生産待ち数,50,150,110,130,71,150,100,125,130,155
R08,生産待ち数,30,150,120,135,80,110,130,125,130,160
R09,生産待ち数,50,200,120,170,100,130,120,100,130,170
R10,生産待ち数,100,250,200,150,120,130,250,110,130,175
R11,生産待ち数,100,300,200,155,120,130,250,125,140,180
R01,生産費用,10000,10000,10000,10000,10000,10000,1000,10000,10000,10000
R02,生産費用,10000,17000,15000,20000,11300,10000,15000,15000,10000,14500
R03,生産費用,25000,20000,15000,20000,11500,15000,17000,15000,15000,15000
R04,生産費用,5000,20000,15000,15000,10000,15000,20000,17000,10000,15000
R05,生産費用,0,12000,15000,15200,10000,10000,12000,12500,13000,12500
R06,生産費用,0,15000,12000,13000,11500,10000,10000,10500,11000,15500
R07,生産費用,5000,15000,11000,13000,7100,15000,10000,12500,13000,15500
R08,生産費用,3000,15000,12000,13500,8000,11000,13000,12500,13000,16000
R09,生産費用,5000,20000,12000,17000,10000,13000,12000,10000,13000,17000
R10,生産費用,10000,25000,20000,15000,12000,13000,25000,11000,13000,17500
R11,生産費用,10000,30000,20000,15500,12000,13000,25000,12500,14000,18000
R01,製造指示,100,100,100,100,100,250,10,100,100,100
R02,製造指示,100,170,150,200,113,150,150,150,100,145
R03,製造指示,250,200,150,200,115,150,170,150,150,150
R04,製造指示,50,200,150,150,100,150,200,170,100,150
R05,製造指示,0,120,150,152,100,100,120,125,130,125
R06,製造指示,0,150,120,130,115,100,100,105,110,155
R07,製造指示,50,150,110,130,120,150,100,125,130,155
R08,製造指示,30,150,120,135,80,110,130,125,130,160
R09,製造指示,50,200,120,170,100,130,120,100,130,170
R10,製造指示,100,250,200,150,120,130,250,110,130,175
R11,製造指示,100,300,200,155,120,130,250,125,140,180
R01,棚卸資産,50000,50000,50000,50000,50000,50000,41000,50000,50000,50000
R02,棚卸資産,130000,137000,95000,140000,56500,50000,171000,135000,70000,94500
R03,棚卸資産,205000,140000,95000,140000,62300,95000,153000,155000,95000,89000
R04,棚卸資産,165000,140000,95000,135000,72400,115000,108000,137000,90000,87000
R05,棚卸資産,140000,132000,95000,135200,72400,90000,60000,184500,93000,80500
R06,棚卸資産,140000,115000,84000,112200,61900,90000,50000,172500,99000,77500
R07,棚卸資産,145000,95000,63000,100200,35500,95000,70000,212500,109000,95500
R08,棚卸資産,123000,95000,60000,88700,48000,91000,73000,162500,117000,94000
R09,棚卸資産,113000,100000,72000,118200,58000,93000,60000,130000,117000,91000
R10,棚卸資産,98000,125000,112000,116200,60000,81000,125000,191000,117000,91500
R11,棚卸資産,58000,150000,100000,116700,60000,73000,125000,172500,118000,92000
R01,調達費用,40000,40000,40000,40000,40000,40000,40000,40000,40000,40000
R02,調達費用,120000,120000,80000,120000,45200,40000,120000,120000,60000,80000
R03,調達費用,100000,68000,60000,80000,50800,80000,40000,80000,60000,52000
R04,調達費用,80000,80000,60000,80000,57600,80000,20000,40000,60000,58000
R05,調達費用,0,80000,60000,60000,40000,40000,40000,120000,40000,56000
R06,調達費用,0,28000,52000,40000,28000,40000,40000,40000,60000,44000
R07,調達費用,0,40000,28000,40000,24000,40000,60000,80000,52000,80000
R08,調達費用,0,60000,40000,40000,40000,60000,40000,0,60000,60000
R09,調達費用,0,60000,60000,80000,40000,44000,40000,20000,52000,60000
R10,調達費用,0,100000,80000,68000,40000,40000,100000,100000,52000,68000
R11,調達費用,0,120000,68000,60000,48000,44000,100000,24000,52000,70000
R01,廃棄数,0,0,15,0,0,0,0,0,0,0
R02,廃棄数,0,0,0,18,0,0,0,0,0,0
R03,廃棄数,0,24,29,87,86,64,101,67,48,40
R04,廃棄数,250,49,42,58,34,34,0,8,53,34
R05,廃棄数,0,32,39,19,8,9,23,19,8,32
R06,廃棄数,0,0,10,0,0,0,0,9,14,0
R07,廃棄数,0,0,0,0,0,0,0,0,0,0
R08,廃棄数,0,0,0,0,0,0,0,4,0,0
R09,廃棄数,0,0,0,0,0,0,5,0,0,0
R10,廃棄数,0,0,0,0,5,5,0,0,0,0
R11,廃棄数,17,34,28,29,0,21,42,14,16,26
R01,売上原価,50000,50000,50000,50000,50000,50000,50000,50000,50000,50000
R02,売上原価,50000,50000,50000,50000,50000,50000,5000,50000,50000,50000
R03,売上原価,50000,85000,75000,100000,56500,50000,75000,75000,50000,72500
R04,売上原価,125000,100000,75000,100000,57500,75000,85000,75000,75000,75000
R05,売上原価,25000,100000,75000,75000,50000,75000,100000,85000,50000,75000
R06,売上原価,0,60000,75000,76000,50000,50000,60000,62500,65000,62500
R07,売上原価,0,75000,60000,65000,57500,50000,50000,52500,55000,77500
R08,売上原価,25000,75000,55000,65000,35500,75000,50000,62500,65000,77500
R09,売上原価,15000,75000,60000,67500,40000,55000,65000,62500,65000,80000
R10,売上原価,25000,100000,60000,85000,50000,65000,60000,50000,65000,85000
R11,売上原価,50000,125000,100000,75000,60000,65000,125000,55000,65000,87500
R01,売上高,70000,90500,85000,80000,82500,85000,85000,90000,90000,88800
R02,売上高,85000,97500,100000,82000,82500,85000,10000,95000,80000,91000
R03,売上高,40000,91980,82280,79100,27000,34200,39200,64325,41600,73500
R04,売上高,0,88335,72360,85200,60750,75400,85000,85200,67900,75400
R05,売上高,30000,92400,72150,79648,64400,83190,91155,86825,64400,74694
R06,売上高,0,77400,91000,90440,70000,72000,72000,81200,81200,79750
R07,売上高,0,95250,84000,84110,81650,74000,73000,76755,82500,99200
R08,売上高,50000,99000,82500,88660,60350,97500,74000,89661,93600,99665
R09,売上高,30000,102750,90000,96930,68000,79200,93750,90625,93600,105600
R10,売上高,50000,127000,90000,115600,80750,93750,88800,78300,97500,112200
R11,売上高,70550,125280,108360,88693,88200,83385,120640,75360,85500,99234
R01,売上総利益,20000,40500,35000,30000,32500,35000,35000,40000,40000,38800
R02,売上総利益,35000,47500,50000,32000,32500,35000,5000,45000,30000,41000
R03,売上総利益,-10000,6980,7280,-20900,-29500,-15800,-35800,-10675,-8400,1000
R04,売上総利益,-125000,-11665,-2640,-14800,3250,400,0,10200,-7100,400
R05,売上総利益,5000,-7600,-2850,4648,14400,8190,-8845,1825,14400,-306
R06,売上総利益,0,17400,16000,14440,20000,22000,12000,18700,16200,17250
R07,売上総利益,0,20250,24000,19110,24150,24000,23000,24255,27500,21700
R08,売上総利益,25000,24000,27500,23660,24850,22500,24000,27161,28600,22165
R09,売上総利益,15000,27750,30000,29430,28000,24200,28750,28125,28600,25600
R10,売上総利益,25000,27000,30000,30600,30750,28750,28800,28300,32500,27200
R11,売上総利益,20550,280,8360,13693,28200,18385,-4360,20360,20500,11734
R01,販売価格,700,905,1000,800,825,850,850,900,900,888
R02,販売価格,850,975,1000,1000,825,850,1000,950,800,910
R03,販売価格,400,630,680,700,1000,950,800,775,800,700
R04,販売価格,600,585,670,600,750,650,500,600,700,650
R05,販売価格,600,550,650,608,700,590,515,575,700,633
R06,販売価格,700,645,650,595,700,720,600,700,700,638
R07,販売価格,1000,635,700,647,710,740,730,731,750,640
R08,販売価格,1000,660,750,682,850,650,740,741,720,643
R09,販売価格,1000,685,750,718,850,720,750,725,720,660
R10,販売価格,1000,635,750,680,850,750,740,783,750,660
R11,販売価格,850,580,630,733,735,765,580,785,750,666
R01,販売可能数,100,100,100,100,100,100,100,100,100,100
R02,販売可能数,100,100,100,100,100,100,10,100,100,100
R03,販売可能数,100,170,150,200,113,100,150,150,100,145
R04,販売可能数,250,200,150,200,115,150,170,150,150,150
R05,販売可能数,50,200,150,150,100,150,200,170,100,150
R06,販売可能数,0,120,150,152,100,100,120,125,130,125
R07,販売可能数,0,150,120,130,115,100,100,105,110,155
R08,販売可能数,50,150,110,130,71,150,100,125,130,155
R09,販売可能数,30,150,120,135,80,110,130,125,130,160
R10,販売可能数,50,200,120,170,100,130,120,100,130,170
R11,販売可能数,100,250,200,150,120,130,250,110,130,175
R01,販売数,100,100,85,100,100,100,100,100,100,100
R02,販売数,100,100,100,82,100,100,10,100,100,100
R03,販売数,100,146,121,113,27,36,49,83,52,105
R04,販売数,0,151,108,142,81,116,170,142,97,116
R05,販売数,50,168,111,131,92,141,177,151,92,118
R06,販売数,0,120,140,152,100,100,120,116,116,125
R07,販売数,0,150,120,130,115,100,100,105,110,155
R08,販売数,50,150,110,130,71,150,100,121,130,155
R09,販売数,30,150,120,135,80,110,125,125,130,160
R10,販売数,50,200,120,170,95,125,120,100,130,170
R11,販売数,83,216,172,121,120,109,208,96,114,149
R01,品切損失金額,21200,3645,0,14400,12025,9450,9450,4000,4000,5432
R02,品切損失金額,3150,1900,500,0,15925,14350,40000,4950,21900,9020
R03,品切損失金額,0,0,0,0,0,0,0,0,0,0
R04,品切損失金額,0,0,0,0,0,0,0,0,0,0
R05,品切損失金額,8500,0,0,0,0,0,0,0,0,0
R06,品切損失金額,16400,3335,0,2185,3200,1760,5100,0,0,3036
R07,品切損失金額,13000,3105,4400,4998,3360,5040,1840,5313,2500,1960
R08,品切損失金額,500,2400,2000,3094,5250,3450,6720,0,1320,3575
R09,品切損失金額,18000,2775,3250,2180,4550,6820,0,5175,3960,2720
R10,品切損失金額,1000,270,3000,180,0,0,5280,3962,0,1920
R11,品切損失金額,0,0,0,0,0,0,0,0,0,0
R01,品切損失数,106,9,0,48,37,27,27,10,10,14
R02,品切損失数,9,4,1,0,49,41,80,11,73,22
R03,品切損失数,356,0,0,0,0,0,0,0,0,0
R04,品切損失数,0,0,0,0,0,0,54,0,0,0
R05,品切損失数,85,0,0,0,0,0,0,0,0,0
R06,品切損失数,82,23,0,23,16,8,51,0,0,22
R07,品切損失数,26,23,22,34,16,21,8,23,10,14
R08,品切損失数,1,15,8,17,15,23,28,0,6,25
R09,品切損失数,36,15,13,10,13,31,0,23,18,17
R10,品切損失数,2,2,12,1,0,0,22,14,0,12
R11,品切損失数,0,0,0,0,0,0,0,0,0,0
R01,来店者数,206,109,85,148,137,127,127,110,110,114
R02,来店者数,109,104,101,82,149,141,90,111,173,122
R03,来店者数,456,146,121,113,27,36,49,83,52,105
R04,来店者数,0,151,108,142,81,116,224,142,97,116
R05,来店者数,135,168,111,131,92,141,177,151,92,118
R06,来店者数,82,143,140,175,116,108,171,116,116,147
R07,来店者数,26,173,142,164,131,121,108,128,120,169
R08,来店者数,51,165,118,147,86,173,128,121,136,180
R09,来店者数,66,165,133,145,93,141,125,148,148,177
R10,来店者数,52,202,132,171,95,125,142,114,130,182
R11,来店者数,83,216,172,121,120,109,208,96,114,149
R01,流動負債,0,0,0,0,0,0,0,0,0,0
R02,流動負債,0,0,0,0,0,0,0,0,0,0
R03,流動負債,0,0,0,0,0,0,0,0,0,0
R04,流動負債,75000,0,0,0,0,0,0,0,0,0
R05,流動負債,75000,0,0,0,0,0,0,0,0,0
R06,流動負債,92500,0,0,0,0,0,0,0,0,0
R07,流動負債,122125,0,0,0,0,0,0,0,0,0
R08,流動負債,122125,0,0,0,0,0,0,0,0,0
R09,流動負債,122125,0,0,0,0,0,0,0,0,0
R10,流動負債,122125,0,0,0,0,0,0,0,0,0
R11,流動負債,122125,0,0,0,0,0,0,0,0,0
R01,累積現金収支,0,20500,15000,10000,12500,15000,24000,20000,20000,18800
R02,累積現金収支,-65000,-39000,0,-68000,18500,30000,-121000,-40000,10000,-4700
R03,累積現金収支,-170000,-55020,-12720,-108900,-36800,-50800,-158800,-90675,-43400,-18200
R04,累積現金収支,-200000,-86685,-35360,-138700,-63650,-90400,-133800,-82475,-65500,-35800
R05,累積現金収支,-193750,-106285,-58210,-154252,-69250,-77210,-114645,-148150,-74100,-49606
R06,累積現金収支,-200000,-91885,-51210,-136812,-58750,-75210,-112645,-137450,-83900,-49356
R07,累積現金収支,-200000,-71635,-26210,-125702,-28200,-76210,-129645,-173195,-86400,-65656
R08,累積現金収支,-179106.25,-67635,-15710,-110542,-35850,-69710,-128645,-116034,-85800,-61991
R09,累積現金収支,-180212.5,-64885,-17710,-130612,-37850,-67510,-106895,-75409,-77200,-53391
R10,累積現金収支,-166318.75,-82885,-47710,-118012,-29100,-46760,-163095,-128109,-64700,-46691
R11,累積現金収支,-131875,-127605,-47350,-124819,-20900,-40375,-187455,-109249,-65200,-55457
R01,累積材料納入数,100,100,100,100,100,100,100,100,100,100
R02,累積材料納入数,400,400,300,400,213,200,400,400,250,300
R03,累積材料納入数,650,570,450,600,340,400,500,600,400,430
R04,累積材料納入数,850,770,600,800,484,600,550,700,550,575
R05,累積材料納入数,850,970,750,950,584,700,650,1000,650,715
R06,累積材料納入数,850,1040,880,1050,654,800,750,1100,800,825
R07,累積材料納入数,850,1140,950,1150,714,900,900,1300,930,1025
R08,累積材料納入数,850,1290,1050,1250,814,1050,1000,1300,1080,1175
R09,累積材料納入数,850,1440,1200,1450,914,1160,1100,1350,1210,1325
R10,累積材料納入数,850,1690,1400,1620,1014,1260,1350,1600,1340,1495
R11,累積材料納入数,850,1990,1570,1770,1134,1370,1600,1660,1470,1670
R01,累積生産数,100,100,100,100,100,100,100,100,100,100
R02,累積生産数,200,200,200,200,200,200,110,200,200,200
R03,累積生産数,300,370,350,400,313,300,260,350,300,345
R04,累積生産数,550,570,500,600,428,450,430,500,450,495
R05,累積生産数,600,770,650,750,528,600,630,670,550,645
R06,累積生産数,600,890,800,902,628,700,750,795,680,770
R07,累積生産数,600,1040,920,1032,743,800,850,900,790,925
R08,累積生産数,650,1190,1030,1162,814,950,950,1025,920,1080
R09,累積生産数,680,1340,1150,1297,894,1060,1080,1150,1050,1240
R10,累積生産数,730,1540,1270,1467,994,1190,1200,1250,1180,1410
R11,累積生産数,830,1790,1470,1617,1114,1320,1450,1360,1310,1585
R01,累積廃棄金額,0,0,-7500,0,0,0,0,0,0,0
R02,累積廃棄金額,0,0,-7500,-9000,0,0,0,0,0,0
R03,累積廃棄金額,0,-12000,-22000,-52500,-43000,-32000,-50500,-33500,-24000,-20000
R04,累積廃棄金額,-125000,-36500,-43000,-81500,-60000,-49000,-50500,-37500,-50500,-37000
R05,累積廃棄金額,-125000,-52500,-62500,-91000,-64000,-53500,-62000,-47000,-54500,-53000
R06,累積廃棄金額,-125000,-52500,-67500,-91000,-64000,-53500,-62000,-51500,-61500,-53000
R07,累積廃棄金額,-125000,-52500,-67500,-91000,-64000,-53500,-62000,-51500,-61500,-53000
R08,累積廃棄金額,-125000,-52500,-67500,-91000,-64000,-53500,-62000,-53500,-61500,-53000
R09,累積廃棄金額,-125000,-52500,-67500,-91000,-64000,-53500,-64500,-53500,-61500,-53000
R10,累積廃棄金額,-125000,-52500,-67500,-91000,-66500,-56000,-64500,-53500,-61500,-53000
R11,累積廃棄金額,-133500,-69500,-81500,-105500,-66500,-66500,-85500,-60500,-69500,-66000
R01,累積廃棄数,0,0,-15,0,0,0,0,0,0,0
R02,累積廃棄数,0,0,-15,-18,0,0,0,0,0,0
R03,累積廃棄数,0,-24,-44,-105,-86,-64,-101,-67,-48,-40
R04,累積廃棄数,-250,-73,-86,-163,-120,-98,-101,-75,-101,-74
R05,累積廃棄数,-250,-105,-125,-182,-128,-107,-124,-94,-109,-106
R06,累積廃棄数,-250,-105,-135,-182,-128,-107,-124,-103,-123,-106
R07,累積廃棄数,-250,-105,-135,-182,-128,-107,-124,-103,-123,-106
R08,累積廃棄数,-250,-105,-135,-182,-128,-107,-124,-107,-123,-106
R09,累積廃棄数,-250,-105,-135,-182,-128,-107,-129,-107,-123,-106
R10,累積廃棄数,-250,-105,-135,-182,-133,-112,-129,-107,-123,-106
R11,累積廃棄数,-267,-139,-163,-211,-133,-133,-171,-121,-139,-132
R01,累積売上高,70000,90500,85000,80000,82500,85000,85000,90000,90000,88800
R02,累積売上高,155000,188000,185000,162000,165000,170000,95000,185000,170000,179800
R03,累積売上高,195000,279980,267280,241100,192000,204200,134200,249325,211600,253300
R04,累積売上高,195000,368315,339640,326300,252750,279600,219200,334525,279500,328700
R05,累積売上高,225000,460715,411790,405948,317150,362790,310355,421350,343900,403394
R06,累積売上高,225000,538115,502790,496388,387150,434790,382355,502550,425100,483144
R07,累積売上高,225000,633365,586790,580498,468800,508790,455355,579305,507600,582344
R08,累積売上高,275000,732365,669290,669158,529150,606290,529355,668966,601200,682009
R09,累積売上高,305000,835115,759290,766088,597150,685490,623105,759591,694800,787609
R10,累積売上高,355000,962115,849290,881688,677900,779240,711905,837891,792300,899809
R11,累積売上高,425550,1087395,957650,970381,766100,862625,832545,913251,877800,999043
R06,累積販売価格,3850,4290,4650,4303,4800,4610,4265,4500,4600,4419
R04,剰余金,-160000,3315,9640,-53700,-41250,-25400,-75800,4525,-25500,1200
R07,累積販売価格,4850,4925,5350,4950,5510,5350,4995,5231,5350,5059
R04,累積販売数,300,497,414,437,308,352,329,425,349,421
R08,累積販売価格,5850,5585,6100,5632,6360,6000,5735,5972,6070,5702
R05,剰余金,-178750,-24285,-13210,-69052,-46850,-37210,-104645,-13650,-31100,-19106
R09,累積販売価格,6850,6270,6850,6350,7210,6720,6485,6697,6790,6362
R05,累積販売数,350,665,525,568,400,493,506,576,441,539
R10,累積販売価格,7850,6905,7600,7030,8060,7470,7225,7480,7540,7022
R06,剰余金,-202500,-26885,-17210,-74612,-46850,-35210,-112645,-14950,-34900,-21856
R11,累積販売価格,8700,7485,8230,7763,8795,8235,7805,8265,8290,7688
R06,累積販売数,350,785,665,720,500,593,626,692,557,664
R07,剰余金,-227125,-26635,-13210,-75502,-42700,-31210,-109645,-10695,-27400,-20156
R07,累積販売数,350,935,785,850,615,693,726,797,667,819
R08,剰余金,-228231.25,-22635,-5710,-71842,-37850,-28710,-105645,-3534,-18800,-17991
R08,累積販売数,400,1085,895,980,686,843,826,918,797,974
R09,剰余金,-239337.5,-14885,4290,-62412,-29850,-24510,-96895,4591,-10200,-12391
R09,累積販売数,430,1235,1015,1115,766,953,951,1043,927,1134
R10,剰余金,-240443.75,-7885,14290,-51812,-19100,-15760,-88095,12891,2300,-5191
R10,累積販売数,480,1435,1135,1285,861,1078,1071,1143,1057,1304
R11,剰余金,-246000,-27605,2650,-58119,-10900,-17375,-112455,13251,2800,-13457
R11,累積販売数,563,1651,1307,1406,981,1187,1279,1239,1171,1453
R01,累積品切損失金額,-21200,-3645,0,-14400,-12025,-9450,-9450,-4000,-4000,-5432
R02,累積品切損失金額,-24350,-5545,-500,-14400,-27950,-23800,-49450,-8950,-25900,-14452
R03,累積品切損失金額,-24350,-5545,-500,-14400,-27950,-23800,-49450,-8950,-25900,-14452
R04,累積品切損失金額,-24350,-5545,-500,-14400,-27950,-23800,-49450,-8950,-25900,-14452
R05,累積品切損失金額,-32850,-5545,-500,-14400,-27950,-23800,-49450,-8950,-25900,-14452
R06,累積品切損失金額,-49250,-8880,-500,-16585,-31150,-25560,-54550,-8950,-25900,-17488
R07,累積品切損失金額,-62250,-11985,-4900,-21583,-34510,-30600,-56390,-14263,-28400,-19448
R08,累積品切損失金額,-62750,-14385,-6900,-24677,-39760,-34050,-63110,-14263,-29720,-23023
R09,累積品切損失金額,-80750,-17160,-10150,-26857,-44310,-40870,-63110,-19438,-33680,-25743
R10,累積品切損失金額,-81750,-17430,-13150,-27037,-44310,-40870,-68390,-23400,-33680,-27663
R11,累積品切損失金額,-81750,-17430,-13150,-27037,-44310,-40870,-68390,-23400,-33680,-27663
R01,累積品切損失数,-106,-9,0,-48,-37,-27,-27,-10,-10,-14
R02,累積品切損失数,-115,-13,-1,-48,-86,-68,-107,-21,-83,-36
R03,累積品切損失数,-471,-13,-1,-48,-86,-68,-107,-21,-83,-36
R04,累積品切損失数,-471,-13,-1,-48,-86,-68,-161,-21,-83,-36
R05,累積品切損失数,-556,-13,-1,-48,-86,-68,-161,-21,-83,-36
R06,累積品切損失数,-638,-36,-1,-71,-102,-76,-212,-21,-83,-58
R07,累積品切損失数,-664,-59,-23,-105,-118,-97,-220,-44,-93,-72
R08,累積品切損失数,-665,-74,-31,-122,-133,-120,-248,-44,-99,-97
R09,累積品切損失数,-701,-89,-44,-132,-146,-151,-248,-67,-117,-114
R10,累積品切損失数,-703,-91,-56,-133,-146,-151,-270,-81,-117,-126
R11,累積品切損失数,-703,-91,-56,-133,-146,-151,-270,-81,-117,-126
R01,累積来店者数,206,109,85,148,137,127,127,110,110,114
R02,累積来店者数,315,213,186,230,286,268,217,221,283,236
R03,累積来店者数,771,359,307,343,313,304,266,304,335,341
R04,累積来店者数,771,510,415,485,394,420,490,446,432,457
R05,累積来店者数,906,678,526,616,486,561,667,597,524,575
R06,累積来店者数,988,821,666,791,602,669,838,713,640,722
R07,累積来店者数,1014,994,808,955,733,790,946,841,760,891
R08,累積来店者数,1065,1159,926,1102,819,963,1074,962,896,1071
R09,累積来店者数,1131,1324,1059,1247,912,1104,1199,1110,1044,1248
R10,累積来店者数,1183,1526,1191,1418,1007,1229,1341,1224,1174,1430
R11,累積来店者数,1266,1742,1363,1539,1127,1338,1549,1320,1288,1579